pid,uid,helpN,helpD,score,time
213320322,447284190,5,6,4.000000,1089417600
213320322,442303408,3,4,5.000000,1089676800
213320322,499713033,2,4,5.000000,1090886400
210633318,486343630,3,3,1.000000,1318118400
210633318,476578806,2,2,5.000000,1238889600
218497649,485557244,1,1,3.000000,1320883200
218497649,475726802,0,1,1.000000,1316131200
234095298,415761227,18,18,5.000000,1198972800
234095298,433324981,10,10,4.000000,1198108800
234095298,447087568,4,4,5.000000,1219881600
234095298,440992710,1,1,5.000000,1325635200
234095298,466682805,1,1,4.000000,1205452800
234095298,392364888,0,0,5.000000,1360022400
234095298,442762184,0,0,4.000000,1358553600
234095298,488768542,0,0,5.000000,1357257600
234095298,451871675,0,0,5.000000,1339286400
234095298,482935792,0,0,5.000000,1305763200
234095298,458621854,0,0,4.000000,1297728000
234095298,452592561,0,0,5.000000,1286841600
234095298,443024279,0,0,5.000000,1282608000
234095298,443548581,0,0,5.000000,1253577600
234095298,460850095,0,0,5.000000,1238544000
234095298,464520176,0,0,5.000000,1225411200
234095298,466486220,3,7,3.000000,1204761600
234095298,428606359,0,3,5.000000,1200182400
234095298,478610390,1,6,2.000000,1252195200
188809745,416220055,7,7,5.000000,1172448000
188809745,478348241,4,4,5.000000,1222732800
188809745,450823068,3,3,5.000000,1225324800
188809745,426640294,2,2,5.000000,1238976000
188809745,419431298,1,1,5.000000,1359936000
216072826,452658117,1,6,1.000000,1240012800
222429823,450954161,0,0,4.000000,1350345600
222429823,459080646,4,7,2.000000,1191715200
222429823,440664999,0,9,3.000000,1272931200
204407374,485819380,35,41,2.000000,1167696000
204407374,470615018,22,25,5.000000,1168300800
204407374,499647522,16,22,3.000000,1165104000
204407374,447611840,0,0,2.000000,1305763200
204407374,406848387,0,0,5.000000,1208736000
204407374,447611827,0,0,5.000000,1208649600
211288688,395051883,25,28,1.000000,1139875200
211288688,386794345,4,4,4.000000,1192320000
211288688,466486211,9,12,4.000000,1173916800
211288688,454558650,0,0,5.000000,1361145600
211288688,205914897,2,5,1.000000,1085616000
211288688,420086721,5,23,2.000000,1125792000
182321650,414909335,37,37,5.000000,942969600
182321650,205914897,14,15,5.000000,911088000
182321650,205914897,8,10,5.000000,988070400
182321650,514524187,3,3,5.000000,1243641600
182321650,205914897,19,26,2.000000,981158400
182321650,459473842,0,0,5.000000,1356480000
186647044,498664416,10,11,1.000000,1238025600
219677336,465306525,2,2,5.000000,1349827200
219677336,485688322,1,1,5.000000,1349740800
219677336,441123758,1,1,5.000000,1349568000
219677336,492110832,1,1,5.000000,1349481600
219677336,483132359,0,0,5.000000,1352851200
219677336,466093012,0,0,5.000000,1350432000
217186931,448529335,0,0,4.000000,1355961600
217186931,453772173,0,0,5.000000,1353715200
217186931,437912480,0,0,3.000000,1318982400
217186931,472515564,0,0,3.000000,1308355200
217186931,509346833,0,0,3.000000,1300838400
217186931,469500872,0,0,5.000000,1298592000
217186931,473891819,0,0,5.000000,1293321600
217186931,478151642,0,0,4.000000,1277769600
217186931,431424422,0,0,5.000000,1266969600
217186931,456459171,0,0,5.000000,1265068800
217186931,397935484,3,4,5.000000,1254182400
217186931,368313182,3,4,1.000000,1170460800
217186931,205914897,3,4,5.000000,1122681600
217186931,455214018,12,18,3.000000,1142035200
217186931,441058192,4,6,1.000000,1290384000
217186931,425853844,4,6,2.000000,1264982400
217186931,477234173,0,0,5.000000,1361836800
217186931,463209376,0,0,5.000000,1361318400
217186931,465830857,0,0,5.000000,1360800000
217186931,460915663,0,0,4.000000,1357171200
217186931,446366631,0,0,3.000000,1238803200
217186931,449840056,0,0,5.000000,1221955200
217186931,419103587,0,0,5.000000,1183593600
217186931,475268101,1,2,5.000000,1176508800
217186931,435422103,2,4,2.000000,1135814400
217186931,490472409,0,1,2.000000,1303084800
217186931,455017403,0,1,1.000000,1300233600
217186931,494339066,0,1,2.000000,1223510400
217186931,482214896,1,3,5.000000,1151625600
217186931,465568686,2,5,5.000000,1168905600
217186931,421004166,4,9,5.000000,1142467200
217186931,508036124,49,50,4.000000,1126569600
217186931,472974316,34,37,5.000000,1137974400
217186931,401998707,9,9,3.000000,1222387200
217186931,446497696,12,13,4.000000,1142726400
217186931,416023432,11,12,5.000000,1245715200
217186931,485360603,5,5,4.000000,1166745600
217186931,426640268,10,13,1.000000,1131926400
217186931,509608981,5,6,2.000000,1159920000
217186931,470025162,2,2,5.000000,1257120000
217186931,447087539,1,1,4.000000,1263081600
203817570,451412912,0,1,5.000000,1171497600
220398242,450823071,0,0,4.000000,1279584000
224330377,459801484,2,3,5.000000,1203292800
224330377,402260881,0,0,4.000000,1361491200
224330377,467993533,0,0,3.000000,1360281600
224330377,437846926,0,0,5.000000,1337731200
224330377,502334458,0,0,5.000000,1335312000
224330377,435291045,0,0,3.000000,1321142400
224330377,429065100,0,0,4.000000,1243900800
224330377,487064520,1,2,4.000000,1306800000
224330377,423756686,1,2,4.000000,1302566400
224330377,499712999,0,1,4.000000,1305504000
224330377,462291918,1,4,2.000000,1203638400
224330377,454099920,10,10,2.000000,1271980800
224330377,483001262,18,21,3.000000,1226966400
224330377,408748917,18,23,3.000000,1214352000
224330377,479462386,9,11,5.000000,1180483200
224330377,462160832,2,2,2.000000,1298332800
224330377,407110529,4,5,5.000000,1244678400
224330377,437060485,1,1,4.000000,1266451200
224330377,475923430,3,4,5.000000,1254009600
224330377,434701211,3,4,5.000000,1217721600
224330377,458097559,7,10,5.000000,1181692800
212271736,441975751,1,2,5.000000,1263427200
212271736,425001867,1,2,5.000000,1262908800
212271736,479069162,1,2,3.000000,1260230400
212271736,478413808,1,2,4.000000,1259280000
212271736,464520075,1,2,4.000000,1255305600
212271736,452527029,6,10,1.000000,1262044800
212271736,460915661,4,7,1.000000,1265155200
212271736,488702952,2,4,5.000000,1279584000
212271736,402391899,2,4,5.000000,1259452800
212271736,458228679,0,1,1.000000,1326153600
212271736,434176933,1,3,1.000000,1304294400
212271736,494273533,1,3,1.000000,1290643200
212271736,495715363,1,3,2.000000,1268006400
212271736,453182370,4,8,1.000000,1259280000
212271736,499778572,2,5,1.000000,1300060800
212271736,427754368,2,5,1.000000,1298937600
212271736,472253413,2,5,1.000000,1298592000
212271736,465699773,2,5,1.000000,1291680000
212271736,456393686,2,5,1.000000,1280102400
212271736,455738268,2,5,2.000000,1258416000
212271736,460325805,0,0,4.000000,1360540800
212271736,394527578,0,0,4.000000,1360281600
212271736,429917064,0,0,2.000000,1359158400
212271736,470746064,0,0,5.000000,1357084800
212271736,437650419,0,0,3.000000,1352073600
212271736,427754365,0,0,5.000000,1350950400
212271736,471466989,0,0,4.000000,1350777600
212271736,491455496,0,0,5.000000,1348185600
212271736,441648071,0,0,4.000000,1344729600
212271736,419693422,0,0,5.000000,1327017600
212271736,478151626,8,8,5.000000,1308096000
212271736,437584818,17,21,3.000000,1259193600
212271736,447218619,34,45,5.000000,1257033600
212271736,458228655,3,3,4.000000,1334966400
212271736,488113136,3,3,3.000000,1277856000
212271736,470418368,5,6,4.000000,1263081600
212271736,420479880,2,2,2.000000,1343520000
212271736,476447714,2,2,4.000000,1327708800
212271736,434570119,2,2,4.000000,1318723200
212271736,440992646,1,1,3.000000,1356393600
212271736,441648071,0,0,4.000000,1298419200
212271736,377815920,0,0,3.000000,1271203200
212271736,463995856,0,0,4.000000,1260057600
212271736,412746630,0,0,2.000000,1260057600
212271736,480052190,0,0,2.000000,1259625600
212271736,435160016,0,0,3.000000,1259539200
212271736,435946400,0,0,5.000000,1259452800
212271736,453051289,0,0,4.000000,1259366400
212271736,440533882,0,0,3.000000,1259366400
212271736,393675632,0,0,4.000000,1259193600
212271736,445907954,0,1,5.000000,1284163200
212271736,462357461,0,1,4.000000,1282608000
212271736,455017387,0,1,4.000000,1270166400
212271736,468124582,0,1,3.000000,1260921600
212271736,473170916,0,1,2.000000,1259366400
212271736,416416638,0,1,3.000000,1258329600
212271736,437650306,3,6,1.000000,1264291200
212271736,417203058,6,11,1.000000,1261440000
212271736,426902452,6,11,1.000000,1260057600
212271736,455410596,6,11,1.000000,1259280000
212271736,440730487,3,7,1.000000,1267056000
212271736,478741463,0,2,3.000000,1263686400
212271736,418907008,1,4,1.000000,1295913600
212271736,405406562,1,4,1.000000,1280016000
212271736,450102251,3,8,1.000000,1267228800
212271736,440533974,4,10,1.000000,1261180800
212271736,463078343,0,3,1.000000,1342483200
212271736,489161705,0,3,1.000000,1314316800
212271736,436077442,1,5,3.000000,1277510400
212271736,456721337,1,5,1.000000,1264291200
212271736,421266311,12,18,3.000000,1259020800
212271736,415302545,6,9,1.000000,1259366400
212271736,495977501,2,3,5.000000,1275696000
212271736,332071727,2,3,4.000000,1267315200
212271736,430113647,2,3,5.000000,1264982400
212271736,475464631,2,3,4.000000,1262822400
212271736,439616375,2,3,4.000000,1260316800
212271736,436143000,2,3,5.000000,1259452800
212271736,469304280,0,0,1.000000,1361664000
212271736,426050474,0,0,1.000000,1361232000
212271736,440140682,1,2,3.000000,1276214400
212271736,476251128,1,2,4.000000,1274659200
212271736,408028025,1,2,5.000000,1272672000
212271736,456786899,1,2,3.000000,1268352000
212271736,423887722,1,2,5.000000,1266883200
212271736,409600905,1,2,5.000000,1266192000
212271736,444007377,1,2,5.000000,1265846400
212271736,444662724,1,2,4.000000,1265500800
212271736,472449995,1,2,4.000000,1264982400
212271736,471991238,1,2,5.000000,1263513600
212271736,421856141,2,7,1.000000,1261785600
212271736,480707602,2,7,1.000000,1260403200
212271736,504955900,2,8,1.000000,1268092800
212271736,417661811,2,8,2.000000,1258675200
212271736,378405713,2,10,1.000000,1262736000
212271736,452461533,4,14,1.000000,1259020800
212271736,446825363,5,16,1.000000,1258675200
212271736,483263463,4,16,1.000000,1258502400
212271736,477758403,1,1,5.000000,1352592000
212271736,482870253,1,1,5.000000,1341187200
212271736,420479880,1,1,3.000000,1287014400
212271736,476644322,1,1,4.000000,1262390400
212271736,474547124,1,1,4.000000,1261180800
212271736,455803806,1,1,5.000000,1260403200
212271736,447415195,1,1,2.000000,1259452800
212271736,345768753,1,1,2.000000,1259280000
212271736,482411516,1,1,2.000000,1250640000
212271736,407831446,3,4,2.000000,1259539200
212271736,417006503,0,0,4.000000,1258588800
212271736,410190739,3,5,5.000000,1261872000
212271736,413008781,1,2,1.000000,1343520000
212271736,416351107,1,2,1.000000,1334016000
212271736,494994427,1,2,1.000000,1328832000
212271736,500827166,1,2,4.000000,1323734400
212271736,414188449,1,2,3.000000,1294444800
212271736,441385917,1,2,5.000000,1294272000
212271736,449905532,1,2,2.000000,1277683200
212271736,498795523,1,2,5.000000,1276905600
218825341,444269500,3,3,4.000000,1298246400
218825341,447349649,2,3,5.000000,1293753600
218825341,417989522,0,0,5.000000,1361232000
218825341,429917064,0,0,5.000000,1352246400
218825341,481231862,3,32,1.000000,1307145600
218301060,460915640,0,0,4.000000,1314057600
218301060,463406012,1,9,5.000000,1175817600
210960989,421135299,1,1,5.000000,1138579200
210960989,205914897,1,1,5.000000,918432000
210960989,205914897,1,1,5.000000,915321600
210960989,205914897,3,4,5.000000,1025395200
210960989,474678248,5,7,5.000000,1096502400
210960989,480314347,0,0,3.000000,1359590400
210960989,400491378,0,0,5.000000,1359504000
210960989,420873117,0,0,5.000000,1347494400
210960989,389677945,0,0,5.000000,1329004800
210960989,426967947,0,0,5.000000,1313539200
210960989,392364885,0,0,4.000000,1306022400
210960989,351798070,0,0,5.000000,1304467200
210960989,498205711,0,0,3.000000,1294704000
210960989,346161970,0,0,4.000000,1246838400
210960989,478413773,0,0,3.000000,1183334400
210960989,494666728,0,0,5.000000,1174694400
210960989,205914897,0,0,5.000000,1017619200
210960989,205914897,0,0,5.000000,929059200
210960989,205914897,0,0,5.000000,927417600
210960989,205914897,0,0,5.000000,926035200
210960989,483525624,14,16,4.000000,1207612800
210960989,468845527,7,7,4.000000,1198713600
210960989,455082903,7,7,4.000000,1117843200
210960989,489161711,6,6,5.000000,1154217600
210960989,474153948,4,4,4.000000,1231804800
210960989,481952722,4,4,5.000000,1025308800
210960989,205914897,3,3,5.000000,1012694400
210960989,468845527,3,3,4.000000,1008979200
210960989,456065963,2,2,5.000000,1026172800
210960989,498533354,1,1,5.000000,1206748800
210960989,205914897,0,0,5.000000,926035200
210960989,205914897,0,0,5.000000,924652800
210960989,205914897,0,0,4.000000,915148800
210960989,472450027,1,2,3.000000,1216425600
210960989,467862471,0,1,4.000000,1168473600
210960989,435159986,1,6,5.000000,1097366400
210960989,464454592,0,7,1.000000,1219622400
210960989,499123232,3,51,1.000000,1051574400
211485306,205914897,2,3,5.000000,1070409600
211485306,472450021,2,3,3.000000,1068508800
211485306,205914897,2,3,5.000000,1068249600
211485306,426640266,2,3,4.000000,1039996800
211485306,468583375,2,3,5.000000,1039564800
211485306,205914897,2,3,5.000000,1038787200
211485306,442696611,0,0,5.000000,1360022400
211485306,459801513,0,0,5.000000,1359504000
211485306,435946391,0,0,5.000000,1358726400
211485306,429130631,0,0,2.000000,1357516800
211485306,492372978,19,20,4.000000,1069286400
211485306,446432207,12,12,4.000000,1069286400
211485306,454755234,8,8,4.000000,1067990400
211485306,499385357,8,9,4.000000,1166745600
211485306,472450035,5,5,5.000000,1092268800
211485306,359727958,4,4,3.000000,1070236800
211485306,444924860,6,7,5.000000,1165795200
211485306,423101371,6,7,5.000000,1064880000
211485306,445383610,3,3,5.000000,1121558400
211485306,442565531,3,3,4.000000,1091059200
211485306,467010504,0,1,5.000000,1289347200
211485306,440533901,0,1,1.000000,1279411200
211485306,468648928,0,1,3.000000,1205366400
211485306,459539398,3,6,1.000000,1073520000
211485306,423363515,3,6,1.000000,1070582400
211485306,506922002,3,6,1.000000,1070323200
211485306,428409744,6,11,1.000000,1070236800
211485306,465175475,1,3,2.000000,1076803200
211485306,205914897,1,3,1.000000,1072224000
211485306,205914897,1,3,5.000000,1068681600
211485306,483001339,1,3,2.000000,1067817600
211485306,467928009,1,3,5.000000,1042934400
211485306,424870845,4,8,1.000000,1074556800
211485306,205914897,4,8,1.000000,1068249600
211485306,205914897,4,8,2.000000,1043280000
211485306,205914897,4,8,3.000000,1038787200
211485306,485491690,2,5,1.000000,1074384000
211485306,456000404,2,5,5.000000,1073260800
211485306,470090687,2,5,1.000000,1068508800
211485306,450036645,2,5,3.000000,1039305600
211485306,205914897,3,7,1.000000,1071792000
211485306,478086104,3,7,1.000000,1062892800
211485306,434176910,0,2,1.000000,1242950400
211485306,391185246,0,2,2.000000,1075420800
211485306,483918841,0,2,3.000000,1073174400
211485306,470090709,0,2,3.000000,1068163200
211485306,455541698,1,4,2.000000,1204243200
211485306,483525587,1,4,3.000000,1072742400
211485306,484377600,1,4,1.000000,1070409600
211485306,205914897,1,4,5.000000,1068854400
211485306,205914897,1,2,5.000000,1043193600
211485306,205914897,1,2,5.000000,1039824000
211485306,454886296,4,7,5.000000,1070755200
211485306,205914897,4,7,1.000000,1068854400
211485306,205914897,4,7,5.000000,1038355200
211485306,487982106,2,4,5.000000,1195862400
211485306,479265785,2,4,5.000000,1126569600
211485306,465109990,2,4,3.000000,1071014400
211485306,472843230,2,4,4.000000,1038528000
211485306,455803820,5,9,5.000000,1043712000
211485306,205914897,3,4,4.000000,1073174400
211485306,472581045,3,4,5.000000,1072051200
211485306,205914897,3,4,5.000000,1069632000
211485306,205914897,4,6,5.000000,1154131200
211485306,478806998,4,6,3.000000,1069459200
211485306,205914897,4,6,5.000000,1047081600
211485306,431424404,2,3,5.000000,1104624000
211485306,486343679,2,3,5.000000,1089244800
211485306,205914897,2,3,5.000000,1073779200
211485306,205914897,2,3,4.000000,1070755200
211485306,471204819,0,4,1.000000,1207094400
211485306,205914897,1,6,1.000000,1047600000
211485306,205914897,0,5,2.000000,1080518400
211485306,411435849,1,7,1.000000,1197244800
211485306,205914897,8,21,1.000000,1067904000
211485306,205914897,2,11,1.000000,1064534400
211485306,419824534,1,9,1.000000,1102377600
211485306,477496270,2,25,5.000000,1034899200
211485306,459867034,0,0,4.000000,1355961600
211485306,458097578,0,0,4.000000,1355788800
211485306,467141550,0,0,5.000000,1355616000
211485306,442893256,0,0,5.000000,1355443200
211485306,476840923,0,0,1.000000,1354924800
211485306,435422137,0,0,4.000000,1349308800
211485306,477627364,0,0,5.000000,1348617600
211485306,449446844,0,0,4.000000,1338940800
211485306,498861029,0,0,5.000000,1331596800
211485306,462029747,0,0,3.000000,1326326400
211485306,394986365,3,3,4.000000,1074902400
211485306,425001886,3,3,4.000000,1069545600
211485306,205914897,3,3,3.000000,1069027200
211485306,420676499,3,3,5.000000,1062028800
211485306,478938104,2,2,5.000000,1199750400
211485306,443679655,2,2,4.000000,1183420800
211485306,481494022,2,2,4.000000,1124409600
211485306,205914897,2,2,5.000000,1079827200
211485306,205914897,2,2,5.000000,1072656000
211485306,205914897,2,2,5.000000,1072483200
211485306,432800667,0,0,5.000000,1325721600
211485306,434570119,0,0,3.000000,1260921600
211485306,466027418,5,8,1.000000,1070668800
211485306,464126897,3,5,4.000000,1092787200
211485306,205914897,3,5,5.000000,1079740800
211485306,386597732,3,5,5.000000,1077321600
211485306,460063717,3,5,5.000000,1073174400
211485306,205914897,3,5,5.000000,1058227200
211485306,442237833,1,2,3.000000,1093046400
211485306,457442228,1,2,3.000000,1045526400
211485306,473170911,2,2,5.000000,1069977600
211485306,445580202,2,2,4.000000,1067990400
211485306,448988040,4,5,5.000000,1062201600
211485306,371852089,4,5,5.000000,1062115200
211485306,466158558,6,8,5.000000,1166400000
211485306,205914897,1,1,3.000000,1072742400
211485306,397804404,1,1,5.000000,1039392000
211485306,435684296,1,1,5.000000,1038700800
211485306,487654362,3,4,5.000000,1101859200
211485306,205914897,3,4,5.000000,1080172800
211485306,205914897,8,16,2.000000,1068163200
211485306,468648891,8,16,1.000000,1040083200
211485306,440533953,3,8,1.000000,1101945600
211485306,475202506,11,22,1.000000,1072742400
211485306,386466643,4,10,1.000000,1166400000
211485306,205914897,0,3,1.000000,1038700800
211485306,205914897,0,3,1.000000,1038614400
211485306,430638008,1,5,1.000000,1048118400
211485306,458425237,2,7,5.000000,1069113600
211485306,420414341,2,7,1.000000,1067644800
218956430,464651210,7,8,5.000000,1166227200
218956430,455410611,12,17,1.000000,1167350400
218956430,477627377,0,0,5.000000,1356998400
218956430,205914897,4,7,5.000000,1148860800
218956430,482214891,2,5,5.000000,1174262400
219742835,475923447,14,14,1.000000,1288224000
219742835,461439908,3,6,5.000000,1290470400
219742835,450036597,5,10,5.000000,1283040000
190972431,205914897,6,7,5.000000,936316800
190972431,205914897,3,4,5.000000,927158400
190972431,441844620,0,0,4.000000,1358035200
190972431,475923433,0,1,5.000000,1081468800
188088839,205914897,1,1,3.000000,963014400
209519189,467141568,2,2,5.000000,1355270400
209519189,488899590,2,2,5.000000,1268265600
209519189,375194492,2,2,5.000000,1236556800
209519189,423887767,2,2,5.000000,1173657600
209519189,444924815,2,2,5.000000,1172188800
209519189,454951847,2,2,5.000000,1171152000
209519189,427885384,2,2,4.000000,1103932800
209519189,471139294,2,2,5.000000,1103587200
209519189,402916256,2,2,5.000000,1040601600
209519189,480117713,2,2,5.000000,1030924800
209519189,444859342,9,9,4.000000,1222732800
209519189,467076035,9,9,5.000000,1259712000
209519189,477037518,12,13,2.000000,1262217600
209519189,442762102,8,8,4.000000,1260144000
209519189,433324979,7,7,5.000000,1225929600
209519189,205914897,7,7,5.000000,934934400
209519189,459015089,23,29,1.000000,1229040000
209519189,447284187,8,9,5.000000,1164499200
209519189,205914897,8,9,5.000000,912470400
209519189,406324058,5,5,5.000000,968716800
209519189,453772243,1,2,5.000000,1355011200
209519189,454493136,1,2,5.000000,1354924800
209519189,508167210,1,2,5.000000,1354838400
209519189,496043013,1,2,5.000000,1354838400
209519189,487785441,1,2,5.000000,1354406400
209519189,471991250,1,2,5.000000,1354147200
209519189,406782846,1,2,5.000000,1354147200
209519189,469697490,1,2,5.000000,1353974400
209519189,425526141,1,2,5.000000,1353715200
209519189,430572414,1,2,5.000000,1351123200
209519189,463602614,0,0,5.000000,1356393600
209519189,459604946,0,0,5.000000,1356220800
209519189,469959629,0,0,5.000000,1356220800
209519189,490865633,0,0,5.000000,1356220800
209519189,455017400,0,0,5.000000,1356134400
209519189,406324105,0,0,5.000000,1356048000
209519189,455869348,0,0,5.000000,1356048000
209519189,427492263,0,0,5.000000,1355961600
209519189,399573862,0,0,5.000000,1355961600
209519189,510591988,0,0,5.000000,1355961600
209519189,459932625,0,0,5.000000,1358121600
209519189,427754431,0,0,5.000000,1357862400
209519189,443483041,0,0,5.000000,1357862400
209519189,485622767,0,0,5.000000,1357862400
209519189,460325857,0,0,5.000000,1357776000
209519189,460522456,0,0,5.000000,1357776000
209519189,453772204,0,0,5.000000,1357776000
209519189,441648027,0,0,5.000000,1357603200
209519189,499385366,0,0,5.000000,1357603200
209519189,436143040,0,0,5.000000,1357603200
209519189,399901560,0,0,5.000000,1360800000
209519189,452985760,0,0,5.000000,1360800000
209519189,481166314,0,0,5.000000,1360540800
209519189,444990403,0,0,5.000000,1360540800
209519189,466879422,0,0,5.000000,1360454400
209519189,443679675,0,0,5.000000,1360368000
209519189,476578770,0,0,5.000000,1360281600
209519189,452068237,0,0,5.000000,1360195200
209519189,443548567,0,0,5.000000,1360195200
209519189,455803814,0,0,5.000000,1360108800
209519189,433128354,1,1,5.000000,1175040000
209519189,473760719,1,1,5.000000,1169164800
209519189,381027150,1,1,5.000000,1169164800
209519189,469631965,1,1,5.000000,1169078400
209519189,458163097,1,1,5.000000,1168300800
209519189,453051347,1,1,5.000000,1168300800
209519189,459867070,1,1,4.000000,1167696000
209519189,392037239,1,1,5.000000,1122595200
209519189,415171479,1,1,5.000000,1113868800
209519189,490865673,1,1,5.000000,1103328000
209519189,464258002,1,2,5.000000,1017446400
209519189,500630533,1,2,4.000000,1008374400
209519189,452658101,1,2,5.000000,991094400
209519189,205914897,1,2,5.000000,987120000
209519189,205914897,1,2,5.000000,956793600
209519189,474809296,4,7,5.000000,1164844800
209519189,430900108,4,7,5.000000,1023840000
209519189,481166314,4,7,3.000000,1009756800
209519189,467534822,2,4,5.000000,1256256000
209519189,420610949,2,4,5.000000,1152489600
209519189,462160840,0,2,5.000000,1138492800
209519189,400622452,0,2,4.000000,1135036800
209519189,470483920,0,2,5.000000,1129593600
209519189,439288746,1,4,4.000000,1331510400
209519189,431948673,1,4,5.000000,1188086400
209519189,460850086,1,4,5.000000,1169596800
209519189,468845568,0,3,5.000000,1323475200
209519189,453247903,1,5,3.000000,1231891200
209519189,464847828,1,5,5.000000,1135728000
209519189,205914897,2,7,5.000000,1098748800
209519189,462226386,0,0,5.000000,1360108800
209519189,482870238,0,0,5.000000,1360022400
209519189,482608091,0,0,5.000000,1359849600
209519189,443876303,0,0,5.000000,1359676800
209519189,437322640,0,0,5.000000,1359590400
209519189,470746059,0,0,5.000000,1359590400
209519189,412549999,0,0,5.000000,1359504000
209519189,418055070,0,0,5.000000,1359504000
209519189,412877686,0,0,5.000000,1359504000
209519189,465306563,0,0,5.000000,1359504000
209519189,400229241,1,1,5.000000,1064793600
209519189,454493131,1,1,5.000000,1062806400
209519189,205914897,1,1,5.000000,1032566400
209519189,469763045,1,1,5.000000,1028592000
209519189,205914897,1,1,5.000000,1002585600
209519189,467993525,1,1,5.000000,999648000
209519189,456197023,1,1,5.000000,999388800
209519189,423297894,1,1,5.000000,946252800
209519189,483460075,1,1,5.000000,945993600
209519189,205914897,1,1,5.000000,945216000
209519189,489096162,1,2,4.000000,1313107200
209519189,456655788,1,2,5.000000,1293062400
209519189,415433651,1,2,5.000000,1292630400
209519189,465437622,1,2,4.000000,1291852800
209519189,500892645,1,2,5.000000,1227484800
209519189,435618696,1,2,5.000000,1168560000
209519189,474022851,1,2,5.000000,1136851200
209519189,444990377,1,2,5.000000,1050364800
209519189,435356570,1,2,5.000000,1019779200
209519189,453182395,1,2,5.000000,1018742400
209519189,441320331,1,3,5.000000,1135468800
209519189,463406000,1,3,5.000000,1135123200
209519189,473629668,1,3,5.000000,974419200
209519189,371065692,9,17,3.000000,1257984000
209519189,453510035,0,2,5.000000,1323302400
209519189,455607236,0,2,5.000000,1296086400
209519189,478610410,0,2,5.000000,1295222400
209519189,470680557,0,2,5.000000,1295049600
209519189,483853298,0,2,5.000000,1292889600
209519189,423101313,0,2,5.000000,1261785600
209519189,471139297,2,2,5.000000,1014940800
209519189,471466948,2,2,4.000000,1013644800
209519189,493093901,2,2,5.000000,973036800
209519189,458884069,4,5,5.000000,1353024000
209519189,473170918,4,5,3.000000,1291593600
209519189,495649784,4,5,5.000000,1263168000
209519189,442237843,4,5,5.000000,1260576000
209519189,450429922,4,5,5.000000,1229904000
209519189,491455468,4,5,5.000000,1133913600
209519189,417596282,4,5,5.000000,1133222400
209519189,413336492,5,5,3.000000,1198540800
209519189,406324058,5,5,5.000000,968716800
209519189,205914897,5,5,5.000000,924566400
209519189,408945543,7,8,5.000000,1133308800
209519189,415040365,9,11,5.000000,940896000
209519189,476644317,6,7,5.000000,1130889600
209519189,447415191,6,7,5.000000,1100908800
209519189,494994473,6,7,5.000000,1034812800
209519189,481166295,8,10,5.000000,1101945600
209519189,410977165,3,3,5.000000,1264377600
209519189,481821658,0,0,5.000000,1355875200
209519189,478020536,0,0,5.000000,1355875200
209519189,415040393,0,0,5.000000,1355875200
209519189,489554961,0,0,5.000000,1355788800
209519189,482870262,0,0,5.000000,1355788800
209519189,465044408,0,0,5.000000,1355702400
209519189,483656651,0,0,5.000000,1291766400
209519189,456786895,0,0,5.000000,1198454400
209519189,442631085,0,0,5.000000,1198281600
209519189,448791455,0,0,5.000000,1143072000
209519189,498009073,0,0,5.000000,1357516800
209519189,479265779,0,0,5.000000,1357516800
209519189,468583378,0,0,5.000000,1357516800
209519189,465372078,0,0,5.000000,1357516800
209519189,473564106,0,0,5.000000,1357516800
209519189,485884943,0,0,5.000000,1357344000
209519189,456786845,0,0,5.000000,1357344000
209519189,449381266,0,0,5.000000,1357344000
209519189,412746574,0,0,3.000000,1357257600
209519189,443614069,0,0,5.000000,1357171200
209519189,411108255,1,2,5.000000,1341273600
209519189,458490799,1,2,5.000000,1338940800
209519189,459867104,1,2,5.000000,1335916800
209519189,440206214,1,2,5.000000,1335052800
209519189,417530751,1,2,5.000000,1331942400
209519189,468386742,1,2,5.000000,1327449600
209519189,443679674,1,2,5.000000,1327449600
209519189,415040430,1,2,5.000000,1326672000
209519189,490144734,1,2,5.000000,1325894400
209519189,467076080,1,2,5.000000,1325030400
209519189,205914897,2,4,5.000000,959990400
209519189,432735119,0,1,5.000000,1358467200
209519189,411370413,0,1,4.000000,1357948800
209519189,473498539,0,1,3.000000,1356652800
209519189,442958744,0,1,3.000000,1356307200
209519189,488309782,0,1,3.000000,1356220800
209519189,430965621,0,1,5.000000,1321747200
209519189,427951029,0,1,5.000000,1294444800
209519189,468648892,0,1,5.000000,1294444800
209519189,417072042,0,1,5.000000,1292976000
209519189,420283298,3,9,3.000000,975801600
209519189,407372613,0,4,4.000000,1297036800
209519189,205914897,1,6,5.000000,1148601600
209519189,421790570,3,10,3.000000,1228608000
209519189,415892366,14,36,1.000000,1256947200
209519189,424805263,22,55,1.000000,1254009600
209519189,397476692,0,10,3.000000,1356220800
209519189,449774490,0,18,5.000000,1161993600
209519189,433193854,3,28,2.000000,1261094400
209519189,434111379,1,23,3.000000,1168473600
209519189,479790018,0,0,5.000000,1358640000
209519189,461439934,0,0,5.000000,1358553600
209519189,448856955,0,0,5.000000,1358467200
209519189,414450594,0,0,5.000000,1358467200
209519189,455934924,0,0,5.000000,1358380800
209519189,499909668,0,0,5.000000,1358380800
209519189,478479299,0,0,5.000000,1358380800
209519189,391054197,0,0,5.000000,1358294400
209519189,498402300,0,0,4.000000,1358294400
209519189,409863055,0,0,4.000000,1358208000
209519189,414385038,2,3,5.000000,1324684800
209519189,456459187,2,3,5.000000,1323129600
209519189,483591139,2,3,5.000000,1294963200
209519189,489358300,2,3,5.000000,1286236800
209519189,399639391,2,3,5.000000,1226534400
209519189,463602666,2,3,5.000000,1133222400
209519189,205914897,2,3,5.000000,1004140800
209519189,474547146,2,3,5.000000,976406400
209519189,435291048,2,3,5.000000,963532800
209519189,448791457,2,3,5.000000,915062400
209519189,462619582,1,1,5.000000,1221264000
209519189,455607185,1,1,5.000000,1203897600
209519189,444007318,1,1,5.000000,1196553600
209519189,421921683,1,1,5.000000,1194825600
209519189,361497423,1,1,5.000000,1193961600
209519189,484574207,1,1,5.000000,1193529600
209519189,451544019,1,1,5.000000,1187308800
209519189,441582464,1,1,5.000000,1186185600
209519189,447873981,1,1,5.000000,1183334400
209519189,384893788,1,1,5.000000,1182988800
209519189,468648894,5,6,5.000000,1164585600
209519189,443155326,5,6,5.000000,1160697600
209519189,465896395,5,6,5.000000,1146009600
209519189,466617303,5,6,5.000000,1064707200
209519189,469762986,5,6,5.000000,1006819200
209519189,418775954,5,6,5.000000,987552000
209519189,451150723,5,6,5.000000,971654400
209519189,411173773,5,6,5.000000,970444800
209519189,461177800,2,2,5.000000,1356134400
209519189,458556359,2,2,5.000000,1355616000
209519189,442500017,65,70,3.000000,1135123200
209519189,470614965,123,140,5.000000,1005696000
209519189,475071429,54,60,5.000000,1074038400
209519189,458490807,24,25,5.000000,1254960000
209519189,480969707,33,37,5.000000,975628800
209519189,205914897,13,13,5.000000,941760000
209519189,475005947,20,22,5.000000,1007596800
209519189,451085175,12,12,5.000000,1094688000
209519189,474416093,18,20,5.000000,1070323200
209519189,445973422,18,20,5.000000,973123200
209519189,427426728,1,1,4.000000,1265673600
209519189,437388213,1,1,5.000000,1265328000
209519189,418448270,1,1,5.000000,1264032000
209519189,407700340,1,1,5.000000,1261612800
209519189,422183864,1,1,5.000000,1261440000
209519189,422183789,1,1,4.000000,1256256000
209519189,458621847,1,1,5.000000,1252713600
209519189,442696605,1,1,5.000000,1252454400
209519189,494339095,1,1,5.000000,1231977600
209519189,434701224,1,1,5.000000,1231718400
209519189,445776771,0,0,5.000000,984787200
209519189,453837750,0,0,5.000000,975715200
209519189,463340480,3,5,5.000000,1323388800
209519189,467665865,3,5,5.000000,1166054400
209519189,437584818,3,5,4.000000,1134691200
209519189,205914897,3,5,5.000000,1041120000
209519189,441254807,1,2,5.000000,1355270400
209519189,458949591,1,2,5.000000,1355184000
209519189,433390518,1,2,5.000000,1355097600
209519189,456655774,1,2,5.000000,1355097600
209519189,475071416,0,0,5.000000,1356739200
209519189,469304252,0,0,5.000000,1356652800
209519189,431621041,0,0,5.000000,1356652800
209519189,455541646,0,0,4.000000,1356652800
209519189,456459185,0,0,5.000000,1356566400
209519189,439157672,0,0,4.000000,1356566400
209519189,450364316,0,0,5.000000,1356566400
209519189,467207142,0,0,5.000000,1356480000
209519189,488768508,0,0,5.000000,1356480000
209519189,375128942,0,0,5.000000,1356393600
209519189,452723632,4,5,5.000000,1100649600
209519189,461898700,4,5,5.000000,1021852800
209519189,451740645,4,5,5.000000,950745600
209519189,440992665,6,8,5.000000,1066694400
209519189,451609490,16,23,1.000000,1261872000
209519189,463537083,1,1,5.000000,1357948800
209519189,485950455,1,1,5.000000,1357516800
209519189,451937236,1,1,5.000000,1356048000
209519189,468059096,1,1,5.000000,1355529600
209519189,456065962,1,1,5.000000,1355184000
209519189,458621900,3,3,4.000000,1232496000
209519189,476578768,3,3,4.000000,1230076800
209519189,459801535,3,3,5.000000,1178841600
209519189,434045802,3,3,5.000000,1089936000
209519189,205914897,3,3,5.000000,1002758400
209519189,386073467,3,3,5.000000,978566400
209519189,470680555,3,3,5.000000,976665600
209519189,415236998,3,3,5.000000,975283200
209519189,363397947,3,3,5.000000,940809600
209519189,205914897,3,3,5.000000,911779200
209519189,451019740,0,0,5.000000,1141084800
209519189,468059074,0,0,5.000000,1140307200
209519189,412222361,0,0,5.000000,1127865600
209519189,458818472,0,0,5.000000,1125446400
209519189,429523821,0,0,5.000000,1098403200
209519189,442172277,0,0,5.000000,1074038400
209519189,423625628,0,0,5.000000,1073001600
209519189,422577033,0,0,5.000000,1039824000
209519189,452199323,0,0,5.000000,1002153600
209519189,430113678,0,0,5.000000,1000252800
209519189,468190166,0,0,5.000000,1357171200
209519189,449250227,0,0,5.000000,1357171200
209519189,412746606,0,0,5.000000,1357084800
209519189,403702680,0,0,5.000000,1356998400
209519189,470090677,0,0,5.000000,1356912000
209519189,468976612,0,0,5.000000,1356912000
209519189,476775392,0,0,5.000000,1356912000
209519189,423101322,0,0,5.000000,1356825600
209519189,471925712,0,0,5.000000,1356739200
209519189,408290190,0,0,5.000000,1356739200
209519189,470025173,0,1,5.000000,1140912000
209519189,205914897,0,1,4.000000,1129334400
209519189,457245624,0,1,4.000000,913852800
209519189,205914897,16,27,5.000000,1069977600
209519189,424084338,1,3,5.000000,1327622400
209519189,442958736,1,3,5.000000,1326067200
209519189,405537681,1,3,5.000000,1326067200
209519189,448201635,1,3,5.000000,1261526400
209519189,447808442,1,3,5.000000,1169942400
209519189,421725060,1,3,4.000000,1149638400
209519189,462422957,0,21,1.000000,1354752000
209519189,205914897,0,31,4.000000,1072828800
209519189,427295636,4,52,1.000000,1140480000
209519189,205914897,6,160,1.000000,1108252800
209519189,505611283,2,137,1.000000,1228089600
209519189,205914897,1,1,5.000000,924393600
209519189,408421263,3,4,5.000000,1325548800
209519189,494470123,3,4,5.000000,1323734400
209519189,461308864,3,4,5.000000,1035504000
209519189,460522427,5,7,2.000000,1261699200
209519189,487064598,5,7,2.000000,1261353600
209519189,456393636,6,9,5.000000,1164758400
209519189,444400526,2,3,5.000000,1354147200
209519189,472843207,2,3,5.000000,1354147200
209519189,470549453,2,3,5.000000,1334966400
209519189,508298296,1,1,5.000000,1231632000
209519189,490538010,1,1,5.000000,1231372800
209519189,430965652,1,1,5.000000,1231200000
209519189,408290155,1,1,5.000000,1231113600
209519189,461833162,1,1,5.000000,1229385600
209519189,439878531,1,1,5.000000,1229040000
209519189,475857841,1,1,5.000000,1228867200
209519189,470615006,1,1,5.000000,1228780800
209519189,489817096,1,1,5.000000,1227398400
209519189,448005037,1,1,5.000000,1222300800
209519189,413401949,0,0,5.000000,1359417600
209519189,462422972,0,0,5.000000,1359417600
209519189,205914897,0,0,5.000000,1359244800
209519189,474350551,0,0,5.000000,1359158400
209519189,516228165,0,0,5.000000,1358985600
209519189,434111343,0,0,5.000000,1358985600
209519189,458687391,0,0,5.000000,1358899200
209519189,405603213,0,0,5.000000,1358726400
209519189,437584762,0,0,5.000000,1358726400
209519189,466093024,0,0,5.000000,1358640000
230294205,460587947,1,2,4.000000,1186876800
230294205,461898699,2,4,5.000000,1183507200
230294205,494142464,0,1,5.000000,1186358400
230294205,487588838,0,1,5.000000,1184716800
230294205,450102182,0,1,5.000000,1184284800
230294205,505414660,1,3,5.000000,1189814400
230294205,478610434,1,3,5.000000,1187136000
230294205,435160007,0,2,4.000000,1222732800
230294205,420152213,1,4,5.000000,1193961600
230294205,482149357,2,6,3.000000,1188000000
230294205,462422982,12,13,4.000000,1187136000
230294205,460194771,21,25,5.000000,1183420800
230294205,500761633,4,4,3.000000,1186617600
230294205,448988088,3,3,3.000000,1186531200
230294205,474481601,7,9,5.000000,1183507200
230294205,478020546,2,2,5.000000,1187395200
230294205,436077512,1,1,4.000000,1295136000
230294205,412091291,1,1,4.000000,1184284800
230294205,469631914,3,4,5.000000,1191283200
230294205,449905631,3,4,4.000000,1184544000
230294205,513541158,2,7,5.000000,1183680000
230294205,462422983,0,4,5.000000,1186790400
230294205,389677939,1,7,5.000000,1181606400
230294205,457049010,6,19,4.000000,1189641600
230294205,471401443,1,11,5.000000,1181001600
230294205,462488509,5,27,1.000000,1184371200
230294205,426640291,0,0,4.000000,1187654400
230294205,444072845,0,0,4.000000,1185494400
230294205,381289233,0,0,4.000000,1184803200
230294205,432472984,10,16,2.000000,1237593600
230294205,451609479,1,2,3.000000,1246406400
230294205,481887205,1,2,5.000000,1210809600
230294205,507118629,1,2,5.000000,1187740800
230294205,479331312,1,2,5.000000,1187740800
230294205,418644895,1,2,5.000000,1187568000
230294205,462226391,1,2,4.000000,1186963200
230294205,474153917,3,4,3.000000,1186444800
230294205,457180118,5,7,4.000000,1183766400
230294205,460981191,5,7,5.000000,1183507200
230294205,469042125,9,13,3.000000,1187654400
230294205,432341945,4,6,4.000000,1183420800
230294205,467600358,2,3,5.000000,1186272000
230294205,407700297,0,0,4.000000,1358035200
230294205,515900462,0,0,4.000000,1357084800
230294205,494142483,0,0,5.000000,1293494400
230294205,479134673,0,0,5.000000,1238976000
207290983,461571036,139,145,4.000000,1107820800
207290983,405996359,75,89,2.000000,1123113600
207290983,493749276,18,20,4.000000,1125878400
207290983,461964213,7,7,4.000000,1269734400
207290983,205914897,20,25,3.000000,1151712000
207290983,461112241,6,6,5.000000,1280880000
207290983,420938623,8,10,3.000000,1186444800
207290983,492372945,3,3,4.000000,1301788800
207290983,406848399,2,2,4.000000,1300665600
207290983,455148476,4,5,5.000000,1277942400
207290983,404423517,4,9,5.000000,1149206400
207290983,456197028,0,25,1.000000,1266451200
207290983,424870774,1,1,4.000000,1355961600
207290983,460194760,1,1,2.000000,1332720000
207290983,472581060,1,1,5.000000,1327449600
207290983,513082371,7,10,5.000000,1149379200
207290983,443089887,0,0,5.000000,1361491200
207290983,505086998,0,0,5.000000,1356393600
207290983,479527924,0,0,5.000000,1283126400
207290983,454689747,11,17,5.000000,1128211200
207290983,437191605,1,2,5.000000,1243641600
207290983,430834572,0,1,1.000000,1336608000
227148467,424674215,0,0,3.000000,1302134400
203031096,449512362,0,0,5.000000,1348790400
211288674,447284190,5,6,4.000000,1089417600
211288674,442303408,3,4,5.000000,1089676800
211288674,499713033,2,4,5.000000,1090886400
185926147,399704914,2,2,5.000000,1107475200
185926147,205914897,1,1,5.000000,1067472000
209584745,473564112,0,0,5.000000,1323216000
218956423,471008216,0,0,5.000000,1341705600
217711243,423166868,10,10,5.000000,1235606400
217711243,484312026,3,3,5.000000,1226793600
217711243,489227251,1,1,5.000000,1267315200
217711243,489161711,0,0,5.000000,1350604800
217711243,474088432,0,0,5.000000,1251158400
217711243,444728204,0,0,5.000000,1230336000
221250185,447284187,1,2,5.000000,1269475200
204145225,391512919,2,2,4.000000,1265328000
204145225,459801520,3,4,3.000000,1169164800
204145225,485360624,7,10,5.000000,1150070400
204145225,454755262,4,6,4.000000,1150848000
204145225,479855610,0,0,2.000000,1315440000
204145225,443089823,3,5,5.000000,1177286400
204145225,432735182,0,1,1.000000,1348876800
204145225,410649431,1,8,2.000000,1150156800
212402803,406127495,4,5,1.000000,1248912000
212402803,466093003,4,5,3.000000,1125619200
212402803,459670487,0,1,3.000000,1231286400
212402803,492438522,4,9,1.000000,1139270400
211026539,450102205,4,4,1.000000,1234396800
218235500,507380765,0,1,1.000000,1357084800
218235500,461177771,2,7,4.000000,1331856000
218235500,415433590,19,20,4.000000,1325548800
218235500,485295070,2,2,5.000000,1353974400
218235500,505742346,2,2,5.000000,1340668800
218235500,371131215,1,1,5.000000,1356220800
218235500,444335034,1,1,3.000000,1354924800
218235500,460915631,3,4,1.000000,1350518400
218235500,488244221,0,0,5.000000,1358985600
218235500,451543970,0,0,5.000000,1357776000
218235500,437453710,1,2,5.000000,1344297600
218235500,454689715,0,1,1.000000,1357689600
219284115,205914897,10,11,2.000000,935366400
219284115,419693414,5,5,1.000000,1058054400
219284115,475071469,0,0,1.000000,1307491200
211812976,447939484,0,0,1.000000,1261526400
211812976,435684264,0,0,5.000000,1233360000
218301080,413205380,1,1,4.000000,1204761600
197132846,205914897,2,2,5.000000,1019779200
191693335,504038418,3,3,5.000000,1290124800
191693335,435815349,3,3,5.000000,1289952000
191693335,481559563,5,6,5.000000,1314662400
191693335,437715916,2,2,5.000000,1312588800
191693335,383714148,1,1,5.000000,1318896000
191693335,385549165,0,0,5.000000,1356307200
191693335,452723659,0,0,5.000000,1351296000
191693335,499516440,0,0,5.000000,1328486400
191693335,446825371,0,0,5.000000,1297296000
191693335,458359756,0,1,5.000000,1290124800
187367941,467534794,17,17,5.000000,962150400
227410606,421266314,1,1,4.000000,1236384000
227410606,442172330,2,4,1.000000,1229904000
227410606,462881708,0,2,2.000000,1228089600
194052662,205914897,4,5,4.000000,1017446400
188809740,467010472,0,1,5.000000,1257552000
188809740,433062808,0,1,5.000000,1245369600
188809740,456786895,0,1,5.000000,1186790400
188809740,426312534,0,1,5.000000,1168732800
188809740,394986369,1,3,1.000000,1161993600
188809740,480576479,2,5,4.000000,935798400
188809740,508363814,1,4,4.000000,1125878400
188809740,415826816,5,12,5.000000,923529600
188809740,461702092,0,0,4.000000,1360022400
188809740,452723650,0,0,1.000000,1359072000
188809740,475661239,0,0,1.000000,1346803200
188809740,508363814,0,0,4.000000,1260921600
188809740,463930319,0,0,4.000000,1220140800
188809740,411960200,0,0,4.000000,1207440000
188809740,498729972,0,1,5.000000,1361318400
188809740,386990930,0,1,5.000000,1358380800
188809740,479527906,0,1,5.000000,1357171200
188809740,449381279,0,1,5.000000,1356739200
188809740,488375281,13,15,3.000000,1134000000
188809740,493093901,19,24,4.000000,988156800
188809740,205914897,5,5,5.000000,963100800
188809740,436470695,4,4,2.000000,1188000000
188809740,486147084,5,6,2.000000,1046304000
188809740,460063723,9,12,4.000000,1068595200
188809740,432604060,1,1,2.000000,1346889600
188809740,409207685,1,1,1.000000,1219968000
188809740,478544868,5,7,4.000000,1110499200
188809740,473105378,6,9,3.000000,969840000
232456898,478282683,97,102,5.000000,1163548800
232456898,475530220,29,29,5.000000,1324512000
232456898,385549180,47,54,5.000000,1154304000
232456898,445973405,18,19,5.000000,1253318400
232456898,481231835,39,46,5.000000,1150070400
232456898,483132399,14,16,5.000000,1257033600
232456898,474350558,7,7,5.000000,1325462400
232456898,477103095,6,6,5.000000,1314835200
232456898,378995534,5,5,5.000000,1319760000
232456898,453116829,3,3,4.000000,1353715200
232456898,500237302,0,3,1.000000,1353369600
232456898,439026606,0,4,1.000000,1352073600
232456898,439550897,3,3,5.000000,1341360000
232456898,448267168,7,9,5.000000,1292112000
232456898,456000435,2,2,4.000000,1338681600
232456898,471139313,4,5,3.000000,1352505600
232456898,459146188,1,1,5.000000,1357344000
232456898,482083789,1,1,4.000000,1354406400
232456898,446497672,0,0,5.000000,1361059200
232456898,420414345,0,0,4.000000,1357948800
232456898,500565003,0,0,5.000000,1357516800
232456898,474284988,1,2,5.000000,1353801600
202572366,417071977,11,11,1.000000,1169942400
202572366,440599492,7,7,2.000000,1174435200
202572366,359531357,6,7,1.000000,1169683200
202572366,427819915,1,1,1.000000,1189382400
202572366,387777326,2,3,5.000000,1223769600
188809741,477365210,20,20,4.000000,1043798400
188809741,446104465,1,1,3.000000,1275609600
188809741,463012853,0,0,5.000000,1358553600
188809741,452920234,2,4,3.000000,1173312000
219087502,479069144,4,4,5.000000,1341446400
219087502,409142144,2,2,4.000000,1253404800
219087502,421069651,4,5,4.000000,1173312000
219087502,469566417,1,1,3.000000,1260144000
219087502,458687409,0,0,5.000000,1354147200
219087502,474219448,0,0,5.000000,1326499200
219087502,473629616,0,0,5.000000,1243468800
219087502,471139303,2,5,1.000000,1242777600
224592538,459342761,2,2,4.000000,1178409600
204079687,439747518,6,7,3.000000,1248998400
204079687,466879399,3,3,2.000000,1274572800
204079687,495125519,2,3,1.000000,1265155200
204079687,475726833,0,0,5.000000,1342742400
204079687,402064207,1,2,3.000000,1256515200
204079687,450495383,2,5,1.000000,1266364800
204079687,451806132,2,6,1.000000,1250467200
